claim_id,anchor_claim,variant_text,platform,category,origin,reliability_score
1," The WHO specifically debunked several claims as false, including the claim that a person can tell if they have the virus or not simply by holding their breath; the claim that drinking large amounts o"," The WHO specifically debunked several claims as false, including the claim that a person can tell if they have the virus or not simply by holding their breath; the claim that drinking large amounts of water will protect against the virus; and the claim that gargling salt water prevents infection.",Twitter,Combative Efforts,Wikipedia,4
1," The WHO specifically debunked several claims as false, including the claim that a person can tell if they have the virus or not simply by holding their breath; the claim that drinking large amounts o",A person can tell if they have coronavirus or not simply by holding their breath.,Reddit,Combative Efforts,Wikipedia,4
2," The WHO specifically debunked several claims as false, including the claim that a person can tell if they have the virus or not simply by holding their breath; the claim that drinking large amounts o"," The WHO specifically debunked several claims as false, including the claim that a person can tell if they have the virus or not simply by holding their breath; the claim that drinking large amounts of water will protect against the virus; and the claim that gargling salt water prevents infection.",Twitter,Combative Efforts,Wikipedia,4
2," The WHO specifically debunked several claims as false, including the claim that a person can tell if they have the virus or not simply by holding their breath; the claim that drinking large amounts o",Drinking large amounts of water will protect against coronavirus.,Reddit,Combative Efforts,Wikipedia,4
3," In February 2020, The Financial Times quoted virus expert and global co-lead coronavirus investigator Trevor Bedford: ""There is no evidence whatsoever of genetic engineering that we can find"", and ""T"," In February 2020, The Financial Times quoted virus expert and global co-lead coronavirus investigator Trevor Bedford: ""There is no evidence whatsoever of genetic engineering that we can find"", and ""The evidence we have is that the mutations [in the virus] are completely consistent with natural evolution"".",Twitter,Conspiracy Theories,Wikipedia,3
3," In February 2020, The Financial Times quoted virus expert and global co-lead coronavirus investigator Trevor Bedford: ""There is no evidence whatsoever of genetic engineering that we can find"", and ""T",Coronavirus is genetically engineered.,Reddit,Conspiracy Theories,Wikipedia,3
4," According to the Kyiv Post, two common conspiracy theories online in Ukraine are that American author Dean Koontz predicted the pandemic in his 1981 novel The Eyes of Darkness, and that the coronavir"," According to the Kyiv Post, two common conspiracy theories online in Ukraine are that American author Dean Koontz predicted the pandemic in his 1981 novel The Eyes of Darkness, and that the coronavirus was a bioweapon leaked from a secret lab in Wuhan.",Twitter,Conspiracy Theories,Wikipedia,3
4," According to the Kyiv Post, two common conspiracy theories online in Ukraine are that American author Dean Koontz predicted the pandemic in his 1981 novel The Eyes of Darkness, and that the coronavir",Dean Koontz predicted the pandemic in his 1981 novel The Eyes of Darkness.,Reddit,Conspiracy Theories,Wikipedia,3
5," In February 2020, it has been alleged that the first person infected may have been a researcher at the institute named Huang Yanling."," In February 2020, it has been alleged that the first person infected may have been a researcher at the institute named Huang Yanling.",Twitter,Accidental leakage,Wikipedia,4
5," In February 2020, it has been alleged that the first person infected may have been a researcher at the institute named Huang Yanling.",The first person infected is a researcher named Huang Yanling.,Reddit,Accidental leakage,Wikipedia,4
6," In early February, a decade-old map illustrating a hypothetical viral outbreak published by the World Population Project (part of the University of Southampton) was misappropriated by a number of Aus"," In early February, a decade-old map illustrating a hypothetical viral outbreak published by the World Population Project (part of the University of Southampton) was misappropriated by a number of Australian media news outlets (and British tabloids The Sun, Daily Mail and Metro) which claimed the map represented the 2020 coronavirus outbreak.",Twitter,Statistics,Wikipedia,4
6," In early February, a decade-old map illustrating a hypothetical viral outbreak published by the World Population Project (part of the University of Southampton) was misappropriated by a number of Aus",A decade-old map published by the World Population Project represents the 2020 coronavirus outbreak.,Reddit,Statistics,Wikipedia,4
7," Widely circulated posts on social media have falsely claimed that, among other things:   All of the above claims have been disproven; for example, ginger has not been proven to cure any viral illness"," Widely circulated posts on social media have falsely claimed that, among other things:   All of the above claims have been disproven; for example, ginger has not been proven to cure any viral illness, and vitamin C has also not been proven to be effective against the coronavirus.",Twitter,Medical Misinformation,Wikipedia,4
7," Widely circulated posts on social media have falsely claimed that, among other things:   All of the above claims have been disproven; for example, ginger has not been proven to cure any viral illness",Boiled ginger can cure coronavirus.,Reddit,Medical Misinformation,Wikipedia,4
8," Widely circulated posts on social media have falsely claimed that, among other things:   All of the above claims have been disproven; for example, ginger has not been proven to cure any viral illness"," Widely circulated posts on social media have falsely claimed that, among other things:   All of the above claims have been disproven; for example, ginger has not been proven to cure any viral illness, and vitamin C has also not been proven to be effective against the coronavirus.",Twitter,Medical Misinformation,Wikipedia,4
8," Widely circulated posts on social media have falsely claimed that, among other things:   All of the above claims have been disproven; for example, ginger has not been proven to cure any viral illness",Vitamin C can prevent coronavirus circulation.,Reddit,Medical Misinformation,Wikipedia,4
9,"While a student was successfully treated, other media sources have noted that no evidence implies Africans are more resistant to the virus and labeled such claims as false information.","While a student was successfully treated, other media sources have noted that no evidence implies Africans are more resistant to the virus and labeled such claims as false information.",Twitter,Medical Misinformation,Wikipedia,5
9,"While a student was successfully treated, other media sources have noted that no evidence implies Africans are more resistant to the virus and labeled such claims as false information.",Africans are more resistant to coronavirus.,Reddit,Medical Misinformation,Wikipedia,5
10," In March 2020, Thomas Cowan, a holistic medical practitioner who trained as a physician and operates on probation with Medical Board of California, alleged that coronavirus is caused by 5G, based on "," In March 2020, Thomas Cowan, a holistic medical practitioner who trained as a physician and operates on probation with Medical Board of California, alleged that coronavirus is caused by 5G, based on the claims that African countries were not affected significantly by the pandemic and Africa was not a 5G region.",Twitter,Medical Misinformation,Wikipedia,5
10," In March 2020, Thomas Cowan, a holistic medical practitioner who trained as a physician and operates on probation with Medical Board of California, alleged that coronavirus is caused by 5G, based on ",Coronavirus is caused by 5G.,Reddit,Medical Misinformation,Wikipedia,5
11,Cowan also falsely alleged that the viruses were wastes from cells that are poisoned by electromagnetic fields and historical viral pandemics coincided with the major developments in radio technology.,Cowan also falsely alleged that the viruses were wastes from cells that are poisoned by electromagnetic fields and historical viral pandemics coincided with the major developments in radio technology.,Twitter,Medical Misinformation,Wikipedia,5
11,Cowan also falsely alleged that the viruses were wastes from cells that are poisoned by electromagnetic fields and historical viral pandemics coincided with the major developments in radio technology.,Viruses are wastes from cells that are poisoned by electromagnetic fields.,Reddit,Medical Misinformation,Wikipedia,5
12," Iran has reported methanol consumption incidents under the false belief that it would cure or protect against coronavirus;bootleg alcohols that contain methanol, which is an industrial alcohol, were "," Iran has reported methanol consumption incidents under the false belief that it would cure or protect against coronavirus;bootleg alcohols that contain methanol, which is an industrial alcohol, were often consumed since alcohol is banned in Iran.",Twitter,Medical Misinformation,Wikipedia,5
12," Iran has reported methanol consumption incidents under the false belief that it would cure or protect against coronavirus;bootleg alcohols that contain methanol, which is an industrial alcohol, were ",Methanol consumption cures or protects against coronavirus.,Reddit,Medical Misinformation,Wikipedia,5
13," Iranian social media had circulated a story on British tabloids that a British man and others had been cured of coronavirus with whiskey and honey, which combined with the use of alcohol-based hand s"," Iranian social media had circulated a story on British tabloids that a British man and others had been cured of coronavirus with whiskey and honey, which combined with the use of alcohol-based hand sanitizers as disinfectants, led to the false belief that drinking high-proof alcohol can kill the virus.",Twitter,Medical Misinformation,Wikipedia,3
13," Iranian social media had circulated a story on British tabloids that a British man and others had been cured of coronavirus with whiskey and honey, which combined with the use of alcohol-based hand s",Whiskey and honey cure coronavirus.,Reddit,Medical Misinformation,Wikipedia,3
14,"While the effectiveness of sanitiser depends on the specific ingredients, most hand sanitiser sold commercially does destroy the coronavirus.","While the effectiveness of sanitiser depends on the specific ingredients, most hand sanitiser sold commercially does destroy the coronavirus.",Twitter,Medical Misinformation,Wikipedia,5
14,"While the effectiveness of sanitiser depends on the specific ingredients, most hand sanitiser sold commercially does destroy the coronavirus.",Hand sanitiser sold commercially does not destroy the coronavirus.,Reddit,Medical Misinformation,Wikipedia,5
15," In March 2020, the Miami New Times reported that managers at Norwegian Cruise Line had prepared a set of responses intended to convince wary customers to book cruises, including ""blatantly false"" cla"," In March 2020, the Miami New Times reported that managers at Norwegian Cruise Line had prepared a set of responses intended to convince wary customers to book cruises, including ""blatantly false"" claims that the coronavirus ""can only survive in cold temperatures, so the Caribbean is a fantastic choice for your next cruise"", that ""[s]cientists and medical professionals have confirmed that the warm weather of the spring will be the end of the [c]oronavirus"", and that the virus ""cannot live in the",Twitter,Medical Misinformation,Wikipedia,4
15," In March 2020, the Miami New Times reported that managers at Norwegian Cruise Line had prepared a set of responses intended to convince wary customers to book cruises, including ""blatantly false"" cla",Coronavirus can only survive in cold temperatures.,Reddit,Medical Misinformation,Wikipedia,4
16,"That was disproved, as ""there is no evidence that acetic acid is effective against the virus"" and, even if there was, ""its concentration in common household vinegar is low"".","That was disproved, as ""there is no evidence that acetic acid is effective against the virus"" and, even if there was, ""its concentration in common household vinegar is low"".",Twitter,Medical Misinformation,Wikipedia,3
16,"That was disproved, as ""there is no evidence that acetic acid is effective against the virus"" and, even if there was, ""its concentration in common household vinegar is low"".",Acetic acid is effective against coronavirus.,Reddit,Medical Misinformation,Wikipedia,3
17,"Other so called cures in messages spreading in Brazil were avocado and mint tea, hot whiskey and honey, essential oils, vitamins C and D, fennel tea (supposedly similar to the medicine Tamiflu, accord","Other so called cures in messages spreading in Brazil were avocado and mint tea, hot whiskey and honey, essential oils, vitamins C and D, fennel tea (supposedly similar to the medicine Tamiflu, according to a false e-mail attributed to a hospital director) and cocaine.",Twitter,Medical Misinformation,Wikipedia,3
17,"Other so called cures in messages spreading in Brazil were avocado and mint tea, hot whiskey and honey, essential oils, vitamins C and D, fennel tea (supposedly similar to the medicine Tamiflu, accord",Avocado and mint tea cures coronavirus.,Reddit,Medical Misinformation,Wikipedia,3
18,"Other so called cures in messages spreading in Brazil were avocado and mint tea, hot whiskey and honey, essential oils, vitamins C and D, fennel tea (supposedly similar to the medicine Tamiflu, accord","Other so called cures in messages spreading in Brazil were avocado and mint tea, hot whiskey and honey, essential oils, vitamins C and D, fennel tea (supposedly similar to the medicine Tamiflu, according to a false e-mail attributed to a hospital director) and cocaine.",Twitter,Medical Misinformation,Wikipedia,3
18,"Other so called cures in messages spreading in Brazil were avocado and mint tea, hot whiskey and honey, essential oils, vitamins C and D, fennel tea (supposedly similar to the medicine Tamiflu, accord",Essential oils cure coronavirus.,Reddit,Medical Misinformation,Wikipedia,3
19,"Other so called cures in messages spreading in Brazil were avocado and mint tea, hot whiskey and honey, essential oils, vitamins C and D, fennel tea (supposedly similar to the medicine Tamiflu, accord","Other so called cures in messages spreading in Brazil were avocado and mint tea, hot whiskey and honey, essential oils, vitamins C and D, fennel tea (supposedly similar to the medicine Tamiflu, according to a false e-mail attributed to a hospital director) and cocaine.",Twitter,Medical Misinformation,Wikipedia,3
19,"Other so called cures in messages spreading in Brazil were avocado and mint tea, hot whiskey and honey, essential oils, vitamins C and D, fennel tea (supposedly similar to the medicine Tamiflu, accord",Vitamin C cures coronavirus.,Reddit,Medical Misinformation,Wikipedia,3
20,"Other so called cures in messages spreading in Brazil were avocado and mint tea, hot whiskey and honey, essential oils, vitamins C and D, fennel tea (supposedly similar to the medicine Tamiflu, accord","Other so called cures in messages spreading in Brazil were avocado and mint tea, hot whiskey and honey, essential oils, vitamins C and D, fennel tea (supposedly similar to the medicine Tamiflu, according to a false e-mail attributed to a hospital director) and cocaine.",Twitter,Medical Misinformation,Wikipedia,3
20,"Other so called cures in messages spreading in Brazil were avocado and mint tea, hot whiskey and honey, essential oils, vitamins C and D, fennel tea (supposedly similar to the medicine Tamiflu, accord",Vitamin D cures coronavirus.,Reddit,Medical Misinformation,Wikipedia,3
21,"Other so called cures in messages spreading in Brazil were avocado and mint tea, hot whiskey and honey, essential oils, vitamins C and D, fennel tea (supposedly similar to the medicine Tamiflu, accord","Other so called cures in messages spreading in Brazil were avocado and mint tea, hot whiskey and honey, essential oils, vitamins C and D, fennel tea (supposedly similar to the medicine Tamiflu, according to a false e-mail attributed to a hospital director) and cocaine.",Twitter,Medical Misinformation,Wikipedia,3
21,"Other so called cures in messages spreading in Brazil were avocado and mint tea, hot whiskey and honey, essential oils, vitamins C and D, fennel tea (supposedly similar to the medicine Tamiflu, accord",Fennel tea cures coronavirus.,Reddit,Medical Misinformation,Wikipedia,3
22,"Other so called cures in messages spreading in Brazil were avocado and mint tea, hot whiskey and honey, essential oils, vitamins C and D, fennel tea (supposedly similar to the medicine Tamiflu, accord","Other so called cures in messages spreading in Brazil were avocado and mint tea, hot whiskey and honey, essential oils, vitamins C and D, fennel tea (supposedly similar to the medicine Tamiflu, according to a false e-mail attributed to a hospital director) and cocaine.",Twitter,Medical Misinformation,Wikipedia,3
22,"Other so called cures in messages spreading in Brazil were avocado and mint tea, hot whiskey and honey, essential oils, vitamins C and D, fennel tea (supposedly similar to the medicine Tamiflu, accord",Cocaine cures coronavirus,Reddit,Medical Misinformation,Wikipedia,3
23,"No evidence supports that SARS-CoV 2 can survive for prolonged periods of time (like what might happen during shipping) on surfaces, and Costco has not issued such a recall.","No evidence supports that SARS-CoV 2 can survive for prolonged periods of time (like what might happen during shipping) on surfaces, and Costco has not issued such a recall.",Twitter,Medical Misinformation,Wikipedia,3
23,"No evidence supports that SARS-CoV 2 can survive for prolonged periods of time (like what might happen during shipping) on surfaces, and Costco has not issued such a recall.",SARS-CoV-2 can survive for weeks on surfaces.,Reddit,Medical Misinformation,Wikipedia,3
24,The report has led to a purchase craze of shuanghuanglian.,The report has led to a purchase craze of shuanghuanglian.,Twitter,Medical Misinformation,Wikipedia,3
24,The report has led to a purchase craze of shuanghuanglian.,Coronavirus is cured by shuanghuanglian.,Reddit,Medical Misinformation,Wikipedia,3
25," The Holy Synod stated that the Holy Communion ""cannot be the cause of the spread of illness"", with Metropolitan Seraphim saying that the wine was without blemish because it represented the blood and "," The Holy Synod stated that the Holy Communion ""cannot be the cause of the spread of illness"", with Metropolitan Seraphim saying that the wine was without blemish because it represented the blood and body of Christ, and that ""whoever attends Holy Communion is approaching God, who has the power to heal"".",Twitter,Medical Misinformation,Wikipedia,3
25," The Holy Synod stated that the Holy Communion ""cannot be the cause of the spread of illness"", with Metropolitan Seraphim saying that the wine was without blemish because it represented the blood and ",Holy communion cannot be the cause of the spread of coronavirus,Reddit,Medical Misinformation,Wikipedia,3
26," It was also reported that a right-wing populist party leader of the party Greek Solution, Kyriakos Velopoulos, sells a hand cream via his TV shop, which supposedly would completely kill COVID-19, alt"," It was also reported that a right-wing populist party leader of the party Greek Solution, Kyriakos Velopoulos, sells a hand cream via his TV shop, which supposedly would completely kill COVID-19, although the alleged miracle drug is not approved by medical authorities.",Twitter,Medical Misinformation,Wikipedia,3
26," It was also reported that a right-wing populist party leader of the party Greek Solution, Kyriakos Velopoulos, sells a hand cream via his TV shop, which supposedly would completely kill COVID-19, alt",Kyriakos Velopoulos sells a hand cream which completely kills covid-19.,Reddit,Medical Misinformation,Wikipedia,3
27,Political activist Swami Chakrapani and Member of the Legislative Assembly Suman Haripriya claimed that drinking cow urine and applying cow dung on the body can cure COVID-19.,Political activist Swami Chakrapani and Member of the Legislative Assembly Suman Haripriya claimed that drinking cow urine and applying cow dung on the body can cure COVID-19.,Twitter,Medical Misinformation,Wikipedia,3
27,Political activist Swami Chakrapani and Member of the Legislative Assembly Suman Haripriya claimed that drinking cow urine and applying cow dung on the body can cure COVID-19.,Drinking cow urine and applying cow dung on the body can cure covid-19.,Reddit,Medical Misinformation,Wikipedia,3
28," Parliamentarian Ramesh Bidhuri of the Bharatiya Janata Party claimed that experts say using Namaste as a greeting prevents transmission of COVID-19, but using Arabic greetings like Adab and As-salamu"," Parliamentarian Ramesh Bidhuri of the Bharatiya Janata Party claimed that experts say using Namaste as a greeting prevents transmission of COVID-19, but using Arabic greetings like Adab and As-salamu alaykum does not prevent it as they direct air into the mouth.",Twitter,Medical Misinformation,Wikipedia,3
28," Parliamentarian Ramesh Bidhuri of the Bharatiya Janata Party claimed that experts say using Namaste as a greeting prevents transmission of COVID-19, but using Arabic greetings like Adab and As-salamu",Using namaste as a greeting prevents transmission of covid-19.,Reddit,Medical Misinformation,Wikipedia,3
29,The notion that the vibrations generated by clapping together during Janata curfew will kill the virus was debunked by the media.,The notion that the vibrations generated by clapping together during Janata curfew will kill the virus was debunked by the media.,Twitter,Medical Misinformation,Wikipedia,3
29,The notion that the vibrations generated by clapping together during Janata curfew will kill the virus was debunked by the media.,Clapping will kill coronavirus.,Reddit,Medical Misinformation,Wikipedia,3
30,"Amitabh Bachchan was heavily criticised for one of his tweets, which claimed vibrations from clapping, blowing conch shells as part of Sunday's Janata Curfew would have reduced or destroyed coronaviru","Amitabh Bachchan was heavily criticised for one of his tweets, which claimed vibrations from clapping, blowing conch shells as part of Sunday's Janata Curfew would have reduced or destroyed coronavirus potency as it was ‘Amavasya’, the darkest day of the month.",Twitter,Medical Misinformation,Wikipedia,3
30,"Amitabh Bachchan was heavily criticised for one of his tweets, which claimed vibrations from clapping, blowing conch shells as part of Sunday's Janata Curfew would have reduced or destroyed coronaviru",Blowing conch shells destroys coronavirus potency.,Reddit,Medical Misinformation,Wikipedia,3
31,Misinformation has spread that the lifetime of SARS-CoV-2 is only 12 hours and staying home for 14 hours during Janata curfew would break the chain of transmission.,Misinformation has spread that the lifetime of SARS-CoV-2 is only 12 hours and staying home for 14 hours during Janata curfew would break the chain of transmission.,Twitter,Medical Misinformation,Wikipedia,3
31,Misinformation has spread that the lifetime of SARS-CoV-2 is only 12 hours and staying home for 14 hours during Janata curfew would break the chain of transmission.,The lifetime of SARS-CoV-2 is only 12 hours.,Reddit,Medical Misinformation,Wikipedia,3
32,Another message claimed that observing Janata curfew will result in the reduction of COVID-19 cases by 40%.,Another message claimed that observing Janata curfew will result in the reduction of COVID-19 cases by 40%.,Twitter,Medical Misinformation,Wikipedia,3
32,Another message claimed that observing Janata curfew will result in the reduction of COVID-19 cases by 40%.,Observing janata curfew will result in the reduction of covid-19 cases by 40%.,Reddit,Medical Misinformation,Wikipedia,3
33," In India, fake news circulated that the World Health Organization warned against eating cabbage to prevent coronavirus infection."," In India, fake news circulated that the World Health Organization warned against eating cabbage to prevent coronavirus infection.",Twitter,Medical Misinformation,Wikipedia,3
33," In India, fake news circulated that the World Health Organization warned against eating cabbage to prevent coronavirus infection.",Eating cabbage prevents coronavirus infection.,Reddit,Medical Misinformation,Wikipedia,3
34," An ""anti-coronavirus"" mattress was advertised as being anti-fungal, anti-allergic, dustproof and waterproof and that it could fight the coronavirus."," An ""anti-coronavirus"" mattress was advertised as being anti-fungal, anti-allergic, dustproof and waterproof and that it could fight the coronavirus.",Twitter,Medical Misinformation,Wikipedia,3
34," An ""anti-coronavirus"" mattress was advertised as being anti-fungal, anti-allergic, dustproof and waterproof and that it could fight the coronavirus.","There is an ""anti-coronavirus"" mattress that could fight the coronavirus.",Reddit,Medical Misinformation,Wikipedia,3
35,There are claims that wearing shoes at one's home is the reason behind the spread of the coronavirus in Italy.,There are claims that wearing shoes at one's home is the reason behind the spread of the coronavirus in Italy.,Twitter,Medical Misinformation,Wikipedia,3
35,There are claims that wearing shoes at one's home is the reason behind the spread of the coronavirus in Italy.,Wearing shoes at one's home is the reason behind the spread of the coronavirus in italy.,Reddit,Medical Misinformation,Wikipedia,3
36," There were also claims that chloroquine was used to cure over 12,000 COVID-19 patients."," There were also claims that chloroquine was used to cure over 12,000 COVID-19 patients.",Twitter,Medical Misinformation,Wikipedia,3
36," There were also claims that chloroquine was used to cure over 12,000 COVID-19 patients.",Chloroquine can cure coronavirus,Reddit,Medical Misinformation,Wikipedia,3
37,Meanwhile 67% polled believed that jamaat (congregation prayer) cannot become a source of infection and 48% people believed that shaking hands cannot infect anyone since it is Sunnah.,Meanwhile 67% polled believed that jamaat (congregation prayer) cannot become a source of infection and 48% people believed that shaking hands cannot infect anyone since it is Sunnah.,Twitter,Medical Misinformation,Wikipedia,3
37,Meanwhile 67% polled believed that jamaat (congregation prayer) cannot become a source of infection and 48% people believed that shaking hands cannot infect anyone since it is Sunnah.,Jamaat cannot become a source of infection.,Reddit,Medical Misinformation,Wikipedia,3
38,Meanwhile 67% polled believed that jamaat (congregation prayer) cannot become a source of infection and 48% people believed that shaking hands cannot infect anyone since it is Sunnah.,Meanwhile 67% polled believed that jamaat (congregation prayer) cannot become a source of infection and 48% people believed that shaking hands cannot infect anyone since it is Sunnah.,Twitter,Medical Misinformation,Wikipedia,3
38,Meanwhile 67% polled believed that jamaat (congregation prayer) cannot become a source of infection and 48% people believed that shaking hands cannot infect anyone since it is Sunnah.,Shaking hands cannot spread coronavirus.,Reddit,Medical Misinformation,Wikipedia,3
39," On March 17, around 79 church devotees were infected with the virus at the River of Grace Community Church after followers had salt-water sprayed into their mouths under the belief that this would pr"," On March 17, around 79 church devotees were infected with the virus at the River of Grace Community Church after followers had salt-water sprayed into their mouths under the belief that this would protect them from the virus.",Twitter,Medical Misinformation,Wikipedia,3
39," On March 17, around 79 church devotees were infected with the virus at the River of Grace Community Church after followers had salt-water sprayed into their mouths under the belief that this would pr",Salt water protects from coronavirus.,Reddit,Medical Misinformation,Wikipedia,3
40," A claim that  cannabis  could protect against the coronavirus appeared on Youtube, along with a petition to legalize cannabis in Sri Lanka."," A claim that  cannabis  could protect against the coronavirus appeared on Youtube, along with a petition to legalize cannabis in Sri Lanka.",Twitter,Medical Misinformation,Wikipedia,3
40," A claim that  cannabis  could protect against the coronavirus appeared on Youtube, along with a petition to legalize cannabis in Sri Lanka.",Cannabis protects against COVID-19.,Reddit,Medical Misinformation,Wikipedia,3
41,A fake Fox News article also claimed that  CBD oil  was a potential cure.,A fake Fox News article also claimed that  CBD oil  was a potential cure.,Twitter,Medical Misinformation,Wikipedia,3
41,A fake Fox News article also claimed that  CBD oil  was a potential cure.,CBD oil is a cure for COVID-19.,Reddit,Medical Misinformation,Wikipedia,3
42,Claims that Vitamin D pills could help prevent the coronavirus circulated on social media in Thailand.,Claims that Vitamin D pills could help prevent the coronavirus circulated on social media in Thailand.,Twitter,Medical Misinformation,Wikipedia,3
42,Claims that Vitamin D pills could help prevent the coronavirus circulated on social media in Thailand.,Vitamin D pills prevent COVID-19.,Reddit,Medical Misinformation,Wikipedia,3
43,"The Food and Drug Administration has warned multiple times that drinking MMS is ""dangerous"" as it may cause ""severe vomiting"" and ""acute liver failure"".","The Food and Drug Administration has warned multiple times that drinking MMS is ""dangerous"" as it may cause ""severe vomiting"" and ""acute liver failure"".",Twitter,Medical Misinformation,Wikipedia,3
43,"The Food and Drug Administration has warned multiple times that drinking MMS is ""dangerous"" as it may cause ""severe vomiting"" and ""acute liver failure"".",Miracle Mineral Suppliment (MMS) will prevent and cure COVID-19.,Reddit,Medical Misinformation,Wikipedia,3
44," In February 2020, televangelist Jim Bakker promoted a colloidal silver solution sold on his website, as a remedy for coronavirus COVID-19; naturopath Sherrill Sellman, a guest on his show, falsely st"," In February 2020, televangelist Jim Bakker promoted a colloidal silver solution sold on his website, as a remedy for coronavirus COVID-19; naturopath Sherrill Sellman, a guest on his show, falsely stated that it ""hasn't been tested on this strain of the coronavirus, but it's been tested on other strains of the coronavirus and has been able to eliminate it within 12 hours.""",Twitter,Medical Misinformation,Wikipedia,3
44," In February 2020, televangelist Jim Bakker promoted a colloidal silver solution sold on his website, as a remedy for coronavirus COVID-19; naturopath Sherrill Sellman, a guest on his show, falsely st",Jim Bakker's colloidal silver solution is a remedy for COVID-19.,Reddit,Medical Misinformation,Wikipedia,3
45," The New York Attorney General's office also issued a cease-and-desist order to radio host Alex Jones, who was selling silver-infused toothpaste that he falsely claimed can kill the virus and had been"," The New York Attorney General's office also issued a cease-and-desist order to radio host Alex Jones, who was selling silver-infused toothpaste that he falsely claimed can kill the virus and had been verified by federal officials, causing a Jones spokesman to deny the products had been sold for the purpose of treating any disease.",Twitter,Medical Misinformation,Wikipedia,3
45," The New York Attorney General's office also issued a cease-and-desist order to radio host Alex Jones, who was selling silver-infused toothpaste that he falsely claimed can kill the virus and had been",Alex Jones' silver-infused toothpaste kills COVID-19,Reddit,Medical Misinformation,Wikipedia,3
46,The viewers had to touch the television screen to receive the spiritual healing.,The viewers had to touch the television screen to receive the spiritual healing.,Twitter,Medical Misinformation,Wikipedia,3
46,The viewers had to touch the television screen to receive the spiritual healing.,Kenneth Copeland on Victory Channel can cure COVID-19 through the TV.,Reddit,Medical Misinformation,Wikipedia,3
47,The US Federal Bureau of Investigation arrested actor Keith Lawrence Middlebrook for selling a fake COVID-19 cure.,The US Federal Bureau of Investigation arrested actor Keith Lawrence Middlebrook for selling a fake COVID-19 cure.,Twitter,Medical Misinformation,Wikipedia,3
47,The US Federal Bureau of Investigation arrested actor Keith Lawrence Middlebrook for selling a fake COVID-19 cure.,Actor Keith Lawrence Middlebrook has a cure for COVID-19.,Reddit,Medical Misinformation,Wikipedia,3
48,"Epstein of the Hoover Institution, who in a series of articles consistently played down the scale of the epidemics, ridiculed the ""panic"" being spread by ""progressives"", made a number of incorrect sta","Epstein of the Hoover Institution, who in a series of articles consistently played down the scale of the epidemics, ridiculed the ""panic"" being spread by ""progressives"", made a number of incorrect statements about the SARS-CoV-2 virus, misapplied and misconstrued Darwinian evolutionary theory in regards to the pandemics, and predicted ""about 500 deaths at the end"" of the epidemics.",Twitter,Government,Wikipedia,3
48,"Epstein of the Hoover Institution, who in a series of articles consistently played down the scale of the epidemics, ridiculed the ""panic"" being spread by ""progressives"", made a number of incorrect sta",There will be 500 deaths at the end of the pandemic.,Reddit,Government,Wikipedia,3
49,"We're very close to a vaccine.""","We're very close to a vaccine.""",Twitter,Government,Wikipedia,3
49,"We're very close to a vaccine.""",We're very close to a vaccine.,Reddit,Government,Wikipedia,3
50," In an interview with Sean Hannity on March 4, Trump also claimed that the death rate published by the WHO was false, that the correct fatality rate was less than 1 percent, and said, ""Well, I think t"," In an interview with Sean Hannity on March 4, Trump also claimed that the death rate published by the WHO was false, that the correct fatality rate was less than 1 percent, and said, ""Well, I think the 3.4 percent is really a false number"", that the potential impact of the outbreak was exaggerated by Democrats plotting against him, and that it was safe for infected individuals to go to work.",Twitter,Government,Wikipedia,3
50," In an interview with Sean Hannity on March 4, Trump also claimed that the death rate published by the WHO was false, that the correct fatality rate was less than 1 percent, and said, ""Well, I think t",It is safe for individuals infected with COVID-19 to go to work.,Reddit,Government,Wikipedia,3
51,"Their statements range from false to unproven, and in some cases, underestimate the challenges that public health officials must contend with in responding to the virus.""","Their statements range from false to unproven, and in some cases, underestimate the challenges that public health officials must contend with in responding to the virus.""",Twitter,Government,Wikipedia,3
51,"Their statements range from false to unproven, and in some cases, underestimate the challenges that public health officials must contend with in responding to the virus.""",COVID-19 is only as deadly as the seasonal flu.,Reddit,Government,Wikipedia,3
52,"While Trump claimed that ""we're going to be able to make that drug available almost immediately"", the leader of the FDA stated that the drug would still need to be tested in a ""large, pragmatic clinic","While Trump claimed that ""we're going to be able to make that drug available almost immediately"", the leader of the FDA stated that the drug would still need to be tested in a ""large, pragmatic clinical trial"" on subjects infected with COVID-19.",Twitter,Government,Wikipedia,3
52,"While Trump claimed that ""we're going to be able to make that drug available almost immediately"", the leader of the FDA stated that the drug would still need to be tested in a ""large, pragmatic clinic",Chloroquine is a Food and Drug Administration (FDA) approved treatment for COVID-19.,Reddit,Government,Wikipedia,3
53,"This was based on a misunderstanding of how the Wuhan Civil Affairs data is reported, with quarterly figures representing the cumulative total of the year-to-date, rather than the quarter in question.","This was based on a misunderstanding of how the Wuhan Civil Affairs data is reported, with quarterly figures representing the cumulative total of the year-to-date, rather than the quarter in question.",Twitter,Government,Wikipedia,3
53,"This was based on a misunderstanding of how the Wuhan Civil Affairs data is reported, with quarterly figures representing the cumulative total of the year-to-date, rather than the quarter in question.","There were more than 50000 cremations in Wuhan for 4th Quarter, 2019 .",Reddit,Government,Wikipedia,3
54," Claims that The Simpsons had predicted the coronavirus pandemic in 1993, accompanied by a doctored screenshot from the show (where the text ""Corona Virus"" was layered over the original text ""Apocalyp"," Claims that The Simpsons had predicted the coronavirus pandemic in 1993, accompanied by a doctored screenshot from the show (where the text ""Corona Virus"" was layered over the original text ""Apocalypse Meow"", without blocking it from view), were later found out to be false, with the claim being widely spread on social media.",Twitter,Miscellaneous,Wikipedia,3
54," Claims that The Simpsons had predicted the coronavirus pandemic in 1993, accompanied by a doctored screenshot from the show (where the text ""Corona Virus"" was layered over the original text ""Apocalyp",The Simpsons predicted COVID-19 pandemic.,Reddit,Miscellaneous,Wikipedia,3
55," There is no direct link between the virus and the beer brand, but rather, both names draw upon the Latin corona, meaning 'crown'."," There is no direct link between the virus and the beer brand, but rather, both names draw upon the Latin corona, meaning 'crown'.",Twitter,Miscellaneous,Wikipedia,3
55," There is no direct link between the virus and the beer brand, but rather, both names draw upon the Latin corona, meaning 'crown'.",Drinking Corona-brand beer causes COVID-19.,Reddit,Miscellaneous,Wikipedia,3
56," A viral post that originated on Weibo and spread on Twitter claimed that a pack of elephants descended on a village under quarantine in China's Yunnan, got drunk on corn wine, and passed out in a tea"," A viral post that originated on Weibo and spread on Twitter claimed that a pack of elephants descended on a village under quarantine in China's Yunnan, got drunk on corn wine, and passed out in a tea garden.",Twitter,Miscellaneous,Wikipedia,3
56," A viral post that originated on Weibo and spread on Twitter claimed that a pack of elephants descended on a village under quarantine in China's Yunnan, got drunk on corn wine, and passed out in a tea","A pack of elephants descended on a village under quarantine in China's Yunnan, got drunk on corn wine, and passed out in a tea garden.
.",Reddit,Miscellaneous,Wikipedia,3
57,"The image of the swans was revealed to have been taken in Burano, where swans are common, while footage of the dolphins was filmed at a port in Sardinia hundreds of miles away.","The image of the swans was revealed to have been taken in Burano, where swans are common, while footage of the dolphins was filmed at a port in Sardinia hundreds of miles away.",Twitter,Miscellaneous,Wikipedia,3
57,"The image of the swans was revealed to have been taken in Burano, where swans are common, while footage of the dolphins was filmed at a port in Sardinia hundreds of miles away.",Swans and dolphins swimming in Venice canals following COVID-19 lockdown.,Reddit,Miscellaneous,Wikipedia,3
58," The Venice mayor's office clarified that the reported water clarity in the canals was due to the lack of sediment being kicked up by boat traffic, not due to a lack of water pollution that was initia"," The Venice mayor's office clarified that the reported water clarity in the canals was due to the lack of sediment being kicked up by boat traffic, not due to a lack of water pollution that was initially reported.",Twitter,Miscellaneous,Wikipedia,3
58," The Venice mayor's office clarified that the reported water clarity in the canals was due to the lack of sediment being kicked up by boat traffic, not due to a lack of water pollution that was initia",Water polution decreased in Venice canals following COVID-19 lockdown.,Reddit,Miscellaneous,Wikipedia,3
59,Experts later identified the civet in the video as actually being the much more common small Indian civet.,Experts later identified the civet in the video as actually being the much more common small Indian civet.,Twitter,Miscellaneous,Wikipedia,3
59,Experts later identified the civet in the video as actually being the much more common small Indian civet.,"A Malabar civet was spotted walking the streets of Meppayur, India following COVID-19 lockdown",Reddit,Miscellaneous,Wikipedia,3
60," Another viral Indian video clip showed a pod of humpback whales allegedly returning to the Arabian Sea offshore from Mumbai following the shutdown of shipping routes; however, this video was found to"," Another viral Indian video clip showed a pod of humpback whales allegedly returning to the Arabian Sea offshore from Mumbai following the shutdown of shipping routes; however, this video was found to have actually been taken in 2019 in the Java Sea.",Twitter,Miscellaneous,Wikipedia,3
60," Another viral Indian video clip showed a pod of humpback whales allegedly returning to the Arabian Sea offshore from Mumbai following the shutdown of shipping routes; however, this video was found to","A pod of humpback whales returned to the Arabian Sea offshore from Mumbai, India following the COVID-19 lockdown.",Reddit,Miscellaneous,Wikipedia,3
61,A social media joke suggesting that lions had been freed to keep people off the streets in Moscow was passed around as if it were true.,A social media joke suggesting that lions had been freed to keep people off the streets in Moscow was passed around as if it were true.,Twitter,Miscellaneous,Wikipedia,3
61,A social media joke suggesting that lions had been freed to keep people off the streets in Moscow was passed around as if it were true.,Lions were freed to keep people off the streets in Moscow.,Reddit,Miscellaneous,Wikipedia,3
62,"Facebook and YouTube removed items pushing this story, and fact checking organisations established that the picture is of Margate Lighthouse and the ""virus"" is the staircase at the Tate Britain.","Facebook and YouTube removed items pushing this story, and fact checking organisations established that the picture is of Margate Lighthouse and the ""virus"" is the staircase at the Tate Britain.",Twitter,Miscellaneous,Wikipedia,3
62,"Facebook and YouTube removed items pushing this story, and fact checking organisations established that the picture is of Margate Lighthouse and the ""virus"" is the staircase at the Tate Britain.",Bank of England £20 banknotes contain a picture of a 5G mast and the SARS-CoV-2 virus.,Reddit,Miscellaneous,Wikipedia,3
